"Plant_ID","Species","Treatment","Date","Rate"
"NM01","NM","control","06/21/23",-0.162566844919988
"NM01","NM","control","06/22/23",-0.197938144330372
"NM01","NM","control","06/23/23",0.401999999999532
"NM01","NM","control","06/26/23",0.0918103448274711
"NM01","NM","control","06/27/23",-0.132515337423219
"NM01","NM","control","06/28/23",-0.153846153846153
"NM01","NM","control","06/29/23",0.1785714285718
"NM01","NM","control","07/03/23",0.0116402116402117
"NM01","NM","control","07/05/23",-0.161264822134313
"NM01","NM","control","07/06/23",0.162162162162571
"NM01","NM","control","07/07/23",-0.198269079464298
"NM02","NM","control","06/21/23",-0.139037433155253
"NM02","NM","control","06/22/23",-0.152577319587995
"NM02","NM","control","06/23/23",0.43799999999949
"NM02","NM","control","06/26/23",0.0814655172412771
"NM02","NM","control","06/27/23",-0.158282208588844
"NM02","NM","control","06/28/23",-0.179487179487179
"NM02","NM","control","06/29/23",0.200000000000416
"NM02","NM","control","07/03/23",0.0275132275132275
"NM02","NM","control","07/05/23",-0.170750988142214
"NM02","NM","control","07/06/23",0.132972972973308
"NM02","NM","control","07/07/23",-0.195918367346474
"NM02","NM","control","07/10/23",0.0908032596041417
"NM02","NM","control","07/11/23",-0.114942528735632
"NM02","NM","control","07/17/23",0.0353591160220767
"NM02","NM","control","07/18/23",-0.210344827585785
"NM02","NM","control","07/24/23",0.0143100511073452
"NM02","NM","control","07/31/23",-0.00206185567010436
"NM02","NM","control","08/01/23",-0.131386861313645
"NM02","NM","control","08/07/23",0.0306010928961748
"NM02","NM","control","08/08/23",-0.170506912442305
"NM03","NM","control","06/21/23",-0.100534759358414
"NM03","NM","control","06/22/23",-0.160824742268427
"NM03","NM","control","06/23/23",0.425999999999505
"NM03","NM","control","06/26/23",0.0698275862068088
"NM03","NM","control","06/27/23",-0.209815950920096
"NM03","NM","control","06/28/23",-0.157894736842589
"NM03","NM","control","06/29/23",0.133333333333333
"NM03","NM","control","07/03/23",0.0306878306878306
"NM03","NM","control","07/05/23",-0.120948616600735
"NM03","NM","control","07/06/23",0.120000000000302
"NM03","NM","control","07/07/23",-0.228571428570886
"NM03","NM","control","07/10/23",0.107566938300291
"NM03","NM","control","07/11/23",-0.119540229885057
"NM03","NM","control","07/17/23",0.0243093922651778
"NM03","NM","control","07/18/23",-0.120689655172172
"NM03","NM","control","07/24/23",0.0122657580920102
"NM03","NM","control","07/25/23",-0.0745697896746375
"NM04","NM","drought","06/21/23",-0.117647058823676
"NM04","NM","drought","06/22/23",-0.181443298969508
"NM04","NM","drought","06/23/23",0.425999999999504
"NM04","NM","drought","06/26/23",0.064655172413712
"NM04","NM","drought","06/27/23",-0.147239263803576
"NM04","NM","drought","06/28/23",-0.168421052632095
"NM04","NM","drought","06/29/23",0.168421052631579
"NM04","NM","drought","07/03/23",0.0211640211640212
"NM04","NM","drought","07/05/23",-0.0830039525691318
"NM04","NM","drought","07/06/23",0.145945945946313
"NM04","NM","drought","07/07/23",-0.208163265305628
"NM04","NM","drought","07/10/23",0.0810244470313879
"NM04","NM","drought","07/11/23",-0.119540229885057
"NM04","NM","drought","07/17/23",0.0198895027624181
"NM04","NM","drought","07/18/23",-0.106896551723923
"NM04","NM","drought","07/24/23",0.00511073253833759
"NM04","NM","drought","07/31/23",-0.00412371134020857
"NM04","NM","drought","08/01/23",-0.0919708029195521
"NM04","NM","drought","08/07/23",0.00218579234972681
"NM04","NM","drought","08/14/23",-0.178947368420943
"NM04","NM","drought","08/15/23",-0.0240000000000559
"NM04","NM","drought","08/16/23",-0.0225563909774386
"NM05","NM","control","06/21/23",-0.134759358288938
"NM05","NM","control","06/22/23",-0.131958762886915
"NM05","NM","control","06/23/23",0.461999999999462
"NM05","NM","control","06/26/23",0.108620689655036
"NM05","NM","control","06/27/23",-0.154601226993755
"NM05","NM","control","06/28/23",-0.142105263158329
"NM05","NM","control","06/29/23",0.221052631578947
"NM05","NM","control","07/03/23",0.0455026455026455
"NM05","NM","control","07/05/23",-0.184980237154065
"NM05","NM","control","07/06/23",0.136216216216559
"NM05","NM","control","07/07/23",-0.191836734693422
"NM05","NM","control","07/10/23",0.0698486612339552
"NM05","NM","control","07/11/23",-0.179310344827586
"NM05","NM","control","07/17/23",0.043093922651906
"NM05","NM","control","07/18/23",-0.203448275861661
"NM05","NM","control","07/24/23",0.0255536626916879
"NM05","NM","control","07/31/23",-0.00309278350515647
"NM05","NM","control","08/01/23",-0.157664233576375
"NM05","NM","control","08/07/23",0.0459016393442623
"NM05","NM","control","08/14/23",0.0368421052631353
"NM05","NM","control","08/15/23",-0.149999999999825
"NM06","NM","drought","06/21/23",-0.124064171123149
"NM06","NM","drought","06/22/23",-0.185567010309724
"NM06","NM","drought","06/23/23",0.395999999999539
"NM06","NM","drought","06/26/23",0.0724137931033574
"NM06","NM","drought","06/27/23",-0.106748466257592
"NM06","NM","drought","06/28/23",-0.121052631579318
"NM06","NM","drought","06/29/23",0.16140350877193
"NM06","NM","drought","07/03/23",0.00634920634920629
"NM06","NM","drought","07/05/23",-0.0877470355730821
"NM06","NM","drought","07/06/23",0.132972972973308
"NM06","NM","drought","07/07/23",-0.244897959183092
"NM06","NM","drought","07/10/23",0.0977881257275372
"NM06","NM","drought","07/11/23",-0.07816091954023
"NM06","NM","drought","07/17/23",-0.00773480662982931
"NM06","NM","drought","07/18/23",-0.141379310344544
"NM06","NM","drought","07/24/23",0.0112436115843428
"NM06","NM","drought","07/31/23",-0.211340206185694
"NM06","NM","drought","08/01/23",-0.0656934306568227
"NM06","NM","drought","08/02/23",-0.0289855072463768
"NM07","NM","control","06/21/23",-0.100534759358414
"NM07","NM","control","06/22/23",-0.140206185567347
"NM07","NM","control","06/23/23",0.449999999999476
"NM07","NM","control","06/26/23",0.07629310344818
"NM07","NM","control","06/27/23",-0.169325153374112
"NM07","NM","control","06/28/23",-0.168421052632095
"NM07","NM","control","06/29/23",0.168421052631579
"NM07","NM","control","07/03/23",0.0148148148148149
"NM07","NM","control","07/05/23",-0.201581027667891
"NM07","NM","control","07/06/23",0.129729729730056
"NM07","NM","control","07/07/23",-0.208163265305628
"NM07","NM","control","07/10/23",0.121536670547082
"NM07","NM","control","07/11/23",-0.082758620689655
"NM07","NM","control","07/17/23",0.0364640883977666
"NM07","NM","control","07/18/23",-0.141984732824932
"NM08","NM","control","06/21/23",-0.119786096256834
"NM08","NM","control","06/22/23",-0.173195876289076
"NM08","NM","control","06/23/23",0.425999999999504
"NM08","NM","control","06/26/23",0.0685344827585347
"NM08","NM","control","06/27/23",-0.161963190183933
"NM08","NM","control","06/28/23",-0.17064220183468
"NM08","NM","control","06/29/23",0.132954545454897
"NM08","NM","control","07/03/23",0.0211640211640212
"NM08","NM","control","07/05/23",-0.085375494071107
"NM08","NM","control","07/06/23",0.145945945946313
"NM08","NM","control","07/07/23",-0.236734693876988
"NM08","NM","control","07/10/23",0.0922002328288209
"NM08","NM","control","07/11/23",-0.110344827586207
"NM08","NM","control","07/17/23",0.0209944751381081
"NM08","NM","control","07/18/23",-0.110344827585986
"NM08","NM","control","07/24/23",0.00919931856900772
"NM08","NM","control","07/31/23",0.00515463917526082
"NM08","NM","control","08/01/23",-0.0825688073394935
"NM09","NM","drought","06/21/23",-0.115508021390518
"NM09","NM","drought","06/22/23",-0.173195876289076
"NM09","NM","drought","06/23/23",0.407999999999525
"NM09","NM","drought","06/26/23",0.0775862068964544
"NM09","NM","drought","06/27/23",-0.114110429447772
"NM09","NM","drought","06/28/23",-0.132110091742978
"NM09","NM","drought","06/29/23",0.194318181818696
"NM09","NM","drought","07/03/23",0.00529100529100529
"NM09","NM","drought","07/05/23",-0.132806324110611
"NM09","NM","drought","07/06/23",0.13945945945981
"NM09","NM","drought","07/07/23",-0.212244897958679
"NM09","NM","drought","07/10/23",0.0880093131547836
"NM09","NM","drought","07/11/23",-0.0965517241379314
"NM09","NM","drought","07/17/23",0.0408839779005262
"NM09","NM","drought","07/18/23",-0.217241379309909
"NM09","NM","drought","07/24/23",-0.00715502555367265
"NM09","NM","drought","07/31/23",0.00824742268041744
"NM09","NM","drought","08/01/23",-0.118248175182281
"NM09","NM","drought","08/07/23",0.0098360655737704
"NM09","NM","drought","08/14/23",-0.184210526315677
"NM09","NM","drought","08/15/23",-0.0360000000000838
"NM09","NM","drought","08/16/23",-0.0303285593933515
"NM11","NM","drought","06/21/23",-0.115508021390518
"NM11","NM","drought","06/22/23",-0.160824742268427
"NM11","NM","drought","06/23/23",0.443999999999483
"NM11","NM","drought","06/26/23",0.0659482758619862
"NM11","NM","drought","06/27/23",-0.158282208588844
"NM11","NM","drought","06/28/23",-0.154128440366808
"NM11","NM","drought","06/29/23",0.184090909091396
"NM11","NM","drought","07/03/23",0.00952380952380958
"NM11","NM","drought","07/05/23",-0.128063241106661
"NM11","NM","drought","07/06/23",0.126486486486805
"NM11","NM","drought","07/07/23",-0.195918367346473
"NM11","NM","drought","07/10/23",0.106169965075612
"NM11","NM","drought","07/11/23",-0.082758620689655
"NM11","NM","drought","07/17/23",0.0276243093922474
"NM11","NM","drought","07/18/23",-0.224137931034033
"NM11","NM","drought","07/24/23",0.00613287904600505
"NM11","NM","drought","07/31/23",0.00309278350515647
"NM11","NM","drought","08/01/23",-0.153284671532586
"NM11","NM","drought","08/07/23",-0.198907103825137
"NM11","NM","drought","08/08/23",-0.0533333333333334
"NM11","NM","drought","08/09/23",-0.0249221183798995
"NM12","NM","drought","06/21/23",-0.128342245989465
"NM12","NM","drought","06/22/23",-0.144329896907563
"NM12","NM","drought","06/23/23",0.461999999999462
"NM12","NM","drought","06/26/23",0.0749999999999059
"NM12","NM","drought","06/27/23",-0.150920245398665
"NM12","NM","drought","06/28/23",-0.159633027522766
"NM12","NM","drought","06/29/23",0.184090909091396
"NM12","NM","drought","07/03/23",0.0137566137566137
"NM12","NM","drought","07/05/23",-0.173122529644189
"NM12","NM","drought","07/06/23",0.110270270270548
"NM12","NM","drought","07/07/23",-0.220408163264782
"NM12","NM","drought","07/10/23",0.096391152502858
"NM12","NM","drought","07/11/23",-0.0965517241379308
"NM12","NM","drought","07/17/23",0.0309392265193171
"NM12","NM","drought","07/18/23",-0.196551724137537
"NM12","NM","drought","07/24/23",-0.186030664395488
"NM12","NM","drought","07/25/23",-0.051485148514733
"NM12","NM","drought","07/26/23",-0.019230769230726
"NM13","NM","control","06/21/23",-0.0983957219252562
"NM13","NM","control","06/22/23",-0.160824742268427
"NM13","NM","control","06/23/23",0.425999999999504
"NM13","NM","control","06/26/23",0.0672413793102605
"NM13","NM","control","06/27/23",-0.150920245398665
"NM13","NM","control","06/28/23",-0.181651376146595
"NM13","NM","control","06/29/23",0.156818181818597
"NM13","NM","control","07/03/23",0.0243386243386243
"NM13","NM","control","07/05/23",-0.106719367588884
"NM13","NM","control","07/06/23",0.132972972973307
"NM13","NM","control","07/07/23",-0.199999999999524
"NM13","NM","control","07/10/23",0.121536670547082
"NM13","NM","control","07/11/23",-0.0873563218390807
"NM13","NM","control","07/17/23",0.00110497237568983
"NM13","NM","control","07/18/23",-0.178909090909394
"NM29","NM","drought","06/21/23",-0.109090909091045
"NM29","NM","drought","06/22/23",-0.163066202090063
"NM29","NM","drought","06/23/23",0.234246575343773
"NM29","NM","drought","06/26/23",0.10831353919219
"NM29","NM","drought","06/27/23",-0.175155279503232
"NM29","NM","drought","06/28/23",-0.178512396695074
"NM29","NM","drought","06/29/23",0.173493975903128
"NM29","NM","drought","07/03/23",0.0190812720848095
"NM29","NM","drought","07/05/23",-0.105882352941031
"NM29","NM","drought","07/06/23",0.158918918919319
"NM29","NM","drought","07/07/23",-0.200682593856974
"NM29","NM","drought","07/12/23",-0.0660550458714888
"NM31","NM","control","06/21/23",-0.111229946524203
"NM31","NM","control","06/22/23",-0.150522648083135
"NM31","NM","control","06/23/23",0.238356164384892
"NM31","NM","control","06/26/23",0.105463182897658
"NM31","NM","control","06/27/23",-0.178881987577769
"NM31","NM","control","06/28/23",-0.173553719009099
"NM31","NM","control","06/29/23",0.191566265059703
"NM31","NM","control","07/03/23",0.00636042402826995
"NM31","NM","control","07/05/23",-0.155294117646846
"NM31","NM","control","07/06/23",0.116756756757051
"NM31","NM","control","07/07/23",-0.192746113989172
"NM32","NM","drought","06/21/23",-0.147593582887884
"NM32","NM","drought","06/22/23",-0.175609756096991
"NM32","NM","drought","06/23/23",0.250684931508249
"NM32","NM","drought","06/26/23",0.126840855106643
"NM32","NM","drought","06/27/23",-0.163975155279622
"NM32","NM","drought","06/28/23",-0.168595041323125
"NM32","NM","drought","06/29/23",0.198795180722334
"NM32","NM","drought","07/03/23",0.0413427561837541
"NM32","NM","drought","07/05/23",-0.138823529411575
"NM32","NM","drought","07/06/23",0.129729729730056
"NM32","NM","drought","07/07/23",-0.176109215017345
"NM32","NM","drought","07/10/23",-0.173224679860209
"NM32","NM","drought","07/11/23",-0.128735632183908
"NM32","NM","drought","07/12/23",-0.0863309352518348
"NM33","NM","control","06/21/23",-0.154010695187358
"NM33","NM","control","06/22/23",-0.163066202090063
"NM33","NM","control","06/23/23",0.242465753426011
"NM33","NM","control","06/26/23",0.116864608075783
"NM33","NM","control","06/27/23",-0.156521739130548
"NM33","NM","control","06/28/23",-0.153719008265202
"NM33","NM","control","06/29/23",0.242168674698116
"NM33","NM","control","07/03/23",0.0678445229682117
"NM33","NM","control","07/05/23",-0.159999999999781
"NM33","NM","control","07/06/23",0.152432432432816
"NM33","NM","control","07/07/23",-0.172013651877407
"NM33","NM","control","07/10/23",0.0963911525028582
"NM33","NM","control","07/11/23",-0.174712643678161
"NM33","NM","control","07/17/23",0.0619354838709943
"NM33","NM","control","07/18/23",-0.179310344827226
"NM33","NM","control","07/24/23",0.0347529812606336
"NM33","NM","control","07/31/23",-0.0154639175257825
"NM33","NM","control","08/01/23",-0.208118081179918
"NM33","NM","control","08/07/23",0.00874316939890707
"NM33","NM","control","08/08/23",-0.180851063829339
"NM34","NM","drought","06/21/23",-0.0941176470589408
"NM34","NM","drought","06/22/23",-0.188153310103919
"NM34","NM","drought","06/23/23",0.205479452055941
"NM34","NM","drought","06/26/23",0.102612826603127
"NM34","NM","drought","06/27/23",-0.167701863354159
"NM34","NM","drought","06/28/23",-0.235384615385669
"NM34","NM","drought","06/29/23",0.156687898088707
"NM34","NM","drought","07/03/23",0.0392226148409975
"NM34","NM","drought","07/05/23",-0.0635294117646189
"NM34","NM","drought","07/06/23",0.188108108108582
"NM34","NM","drought","07/07/23",-0.196587030717036
"NM34","NM","drought","07/10/23",0.0544819557624849
"NM34","NM","drought","07/11/23",-0.151724137931034
"NM34","NM","drought","07/17/23",-0.192442396313447
"NM34","NM","drought","07/18/23",-0.0310344827585584
"NM34","NM","drought","07/19/23",-0.0183486238531721
"NM35","NM","control","06/21/23",-0.130481283422622
"NM35","NM","control","06/22/23",-0.158885017421087
"NM35","NM","control","06/23/23",0.234246575343773
"NM35","NM","control","06/26/23",0.122565320664846
"NM35","NM","control","06/27/23",-0.167701863354159
"NM35","NM","control","06/28/23",-0.146456692913252
"NM35","NM","control","06/29/23",0.228750000000333
"NM35","NM","control","07/03/23",0.0222614840989444
"NM35","NM","control","07/05/23",-0.164705882352716
"NM35","NM","control","07/06/23",0.123243243243553
"NM35","NM","control","07/07/23",-0.192491467577098
"NM35","NM","control","07/10/23",0.0656577415599179
"NM35","NM","control","07/11/23",-0.101149425287356
"NM35","NM","control","07/17/23",0.0121658986175168
"NM35","NM","control","07/18/23",-0.206896551723723
"NM35","NM","control","07/24/23",0.00408858603066269
"NM35","NM","control","07/31/23",-0.00206185567010436
"NM35","NM","control","08/01/23",-0.13678756476651
"NM36","NM","drought","06/21/23",-0.134759358288938
"NM36","NM","drought","06/22/23",-0.167247386759039
"NM36","NM","drought","06/23/23",0.24657534246713
"NM36","NM","drought","06/26/23",0.128266033253908
"NM36","NM","drought","06/27/23",-0.163975155279621
"NM36","NM","drought","06/28/23",-0.170078740157325
"NM36","NM","drought","06/29/23",0.191250000000279
"NM36","NM","drought","07/03/23",0.0201413427561878
"NM36","NM","drought","07/05/23",-0.148235294117444
"NM36","NM","drought","07/06/23",0.13945945945981
"NM36","NM","drought","07/07/23",-0.196587030717036
"NM36","NM","drought","07/10/23",0.0963911525028582
"NM36","NM","drought","07/11/23",-0.147126436781609
"NM36","NM","drought","07/17/23",0.0320737327189077
"NM36","NM","drought","07/18/23",-0.18620689655135
"NM36","NM","drought","07/24/23",0.016354344122651
"NM36","NM","drought","07/31/23",0.0144329896907304
"NM36","NM","drought","08/01/23",-0.132841328412713
"NM36","NM","drought","08/07/23",-0.185792349726776
"NM36","NM","drought","08/08/23",-0.11
"NM36","NM","drought","08/09/23",-0.0479520479518363
"NM37","NM","control","06/21/23",-0.145454545454726
"NM37","NM","control","06/22/23",-0.142160278745184
"NM37","NM","control","06/23/23",0.258904109590486
"NM37","NM","control","06/26/23",0.143942992873831
"NM37","NM","control","06/27/23",-0.152795031056011
"NM37","NM","control","06/28/23",-0.141732283464437
"NM37","NM","control","06/29/23",0.225000000000327
"NM37","NM","control","07/03/23",0.0360424028268626
"NM37","NM","control","07/05/23",-0.176470588235052
"NM37","NM","control","07/06/23",0.129729729730056
"NM37","NM","control","07/07/23",-0.196587030717036
"NM37","NM","control","07/10/23",0.0796274738067089
"NM37","NM","control","07/11/23",-0.179310344827586
"NM37","NM","control","07/17/23",0.0420276497696033
"NM37","NM","control","07/18/23",-0.18620689655135
"NM37","NM","control","07/24/23",0.0235093696763109
"NM37","NM","control","07/31/23",0.0134020618556781
"NM37","NM","control","08/01/23",-0.154981549814832
"NM37","NM","control","08/07/23",0.0524590163934427
"NM37","NM","control","08/14/23",0.0389473684210288
"NM37","NM","control","08/15/23",-0.149688149688222
"NM38","NM","drought","06/21/23",-0.119786096256834
"NM38","NM","drought","06/22/23",-0.192334494772895
"NM38","NM","drought","06/23/23",0.226027397261536
"NM38","NM","drought","06/26/23",0.126840855106643
"NM38","NM","drought","06/27/23",-0.167701863354159
"NM38","NM","drought","06/28/23",-0.222047244094285
"NM38","NM","drought","06/29/23",0.135000000000197
"NM38","NM","drought","07/03/23",0.041342756183754
"NM38","NM","drought","07/05/23",-0.077647058823423
"NM38","NM","drought","07/06/23",0.16216216216257
"NM38","NM","drought","07/07/23",-0.204778156996912
"NM38","NM","drought","07/10/23",0.0894062863794627
"NM38","NM","drought","07/11/23",-0.124137931034483
"NM38","NM","drought","07/17/23",-0.211244239631427
"NM38","NM","drought","07/18/23",-0.0620689655171167
"NM38","NM","drought","07/19/23",-0.0321199143470472
"R+S01","R+S","drought","06/21/23",-0.115508021390518
"R+S01","R+S","drought","06/22/23",-0.165818181818463
"R+S01","R+S","drought","06/23/23",0.268421052631785
"R+S01","R+S","drought","06/26/23",0.161045130641018
"R+S01","R+S","drought","06/27/23",-0.163975155279622
"R+S01","R+S","drought","06/28/23",-0.202816901408783
"R+S01","R+S","drought","06/29/23",0.202758620689493
"R+S01","R+S","drought","07/03/23",0.0074204946996482
"R+S01","R+S","drought","07/05/23",-0.105882352941031
"R+S01","R+S","drought","07/06/23",0.126486486486805
"R+S01","R+S","drought","07/07/23",-0.249829351536233
"R+S01","R+S","drought","07/10/23",0.0712456344586342
"R+S01","R+S","drought","07/11/23",-0.110344827586207
"R+S01","R+S","drought","07/17/23",-0.214562211981659
"R+S01","R+S","drought","07/18/23",-0.0689655172412409
"R+S01","R+S","drought","07/19/23",-0.0216138328530549
"R+S02","R+S","drought","06/21/23",-0.145454545454727
"R+S02","R+S","drought","06/22/23",-0.165818181818462
"R+S02","R+S","drought","06/23/23",0.240789473684395
"R+S02","R+S","drought","06/26/23",0.145368171021096
"R+S02","R+S","drought","06/27/23",-0.152795031056011
"R+S02","R+S","drought","06/28/23",-0.173239436620002
"R+S02","R+S","drought","06/29/23",0.235862068965328
"R+S02","R+S","drought","07/03/23",0.0434628975265106
"R+S02","R+S","drought","07/05/23",-0.143529411764509
"R+S02","R+S","drought","07/06/23",0.129729729730056
"R+S02","R+S","drought","07/07/23",-0.200682593856974
"R+S02","R+S","drought","07/10/23",0.0880093131547835
"R+S02","R+S","drought","07/11/23",-0.128735632183908
"R+S02","R+S","drought","07/17/23",0.0298617511520864
"R+S02","R+S","drought","07/18/23",-0.196551724137536
"R+S02","R+S","drought","07/24/23",0.0255536626916423
"R+S02","R+S","drought","07/31/23",0.0216494845360954
"R+S02","R+S","drought","08/01/23",-0.145588235293993
"R+S02","R+S","drought","08/07/23",0.0371584699453553
"R+S02","R+S","drought","08/14/23",-0.172631578947263
"R+S02","R+S","drought","08/15/23",-0.0560000000001303
"R+S02","R+S","drought","08/16/23",-0.0306122448979955
"R+S03","R+S","control","06/21/23",-0.164705882353146
"R+S03","R+S","control","06/22/23",-0.196363636363969
"R+S03","R+S","control","06/23/23",0.221052631579117
"R+S03","R+S","control","06/26/23",0.128266033253908
"R+S03","R+S","control","06/27/23",-0.163975155279622
"R+S03","R+S","control","06/28/23",-0.194366197183417
"R+S03","R+S","control","06/29/23",0.231724137930848
"R+S03","R+S","control","07/03/23",0.0466431095406457
"R+S03","R+S","control","07/05/23",-0.108235294117499
"R+S03","R+S","control","07/06/23",0.16216216216257
"R+S03","R+S","control","07/07/23",-0.184300341297221
"R+S03","R+S","control","07/10/23",0.0866123399301042
"R+S03","R+S","control","07/11/23",-0.16551724137931
"R+S03","R+S","control","07/17/23",0.0276497695852653
"R+S03","R+S","control","07/18/23",-0.165517241378978
"R+S03","R+S","control","07/24/23",0.0132879045996541
"R+S03","R+S","control","07/31/23",0.00412371134020857
"R+S03","R+S","control","08/01/23",-0.132352941176357
"R+S03","R+S","control","08/07/23",0.0295081967213115
"R+S03","R+S","control","08/08/23",-0.124108416547624
"R+S04","R+S","drought","06/21/23",-0.168983957219462
"R+S04","R+S","drought","06/22/23",-0.222545454545831
"R+S04","R+S","drought","06/23/23",0.260526315789673
"R+S04","R+S","drought","06/26/23",0.146793349168362
"R+S04","R+S","drought","06/27/23",-0.163975155279622
"R+S04","R+S","drought","06/28/23",-0.1985915492961
"R+S04","R+S","drought","06/29/23",0.198620689655013
"R+S04","R+S","drought","07/03/23",0.0318021201413493
"R+S04","R+S","drought","07/05/23",-0.115294117646901
"R+S04","R+S","drought","07/06/23",0.129729729730056
"R+S04","R+S","drought","07/07/23",-0.225255972696604
"R+S04","R+S","drought","07/10/23",0.0922002328288209
"R+S04","R+S","drought","07/11/23",-0.128735632183909
"R+S04","R+S","drought","07/17/23",0.0342857142857289
"R+S04","R+S","drought","07/18/23",-0.175862068965164
"R+S04","R+S","drought","07/24/23",0.0327086882453022
"R+S04","R+S","drought","07/31/23",-0.182474226804233
"R+S04","R+S","drought","08/01/23",-0.0264705882352715
"R+S04","R+S","drought","08/02/23",-0.0281162136832363
"R+S05","R+S","drought","06/21/23",-0.177540106952093
"R+S05","R+S","drought","06/22/23",-0.2094545454549
"R+S05","R+S","drought","06/23/23",0.268421052631784
"R+S05","R+S","drought","06/26/23",0.148218527315628
"R+S05","R+S","drought","06/27/23",-0.163975155279622
"R+S05","R+S","drought","06/28/23",-0.177464788732685
"R+S05","R+S","drought","06/29/23",0.231724137930849
"R+S05","R+S","drought","07/03/23",0.0349823321554842
"R+S05","R+S","drought","07/05/23",-0.16941176470565
"R+S05","R+S","drought","07/06/23",0.129729729730056
"R+S05","R+S","drought","07/07/23",-0.200682593856974
"R+S05","R+S","drought","07/10/23",0.0852153667054253
"R+S05","R+S","drought","07/11/23",-0.170114942528736
"R+S05","R+S","drought","07/17/23",0.0420276497696034
"R+S05","R+S","drought","07/18/23",-0.189655172413412
"R+S05","R+S","drought","07/24/23",-0.180919931856828
"R+S05","R+S","drought","07/25/23",-0.0800000000001863
"R+S05","R+S","drought","07/26/23",-0.0337394564198836
"R+S06","R+S","control","06/23/23",0.2432432432442
"R+S06","R+S","control","06/26/23",0.128266033253909
"R+S06","R+S","control","06/27/23",-0.175155279503232
"R+S06","R+S","control","06/28/23",-0.211267605634149
"R+S06","R+S","control","06/29/23",0.198620689655013
"R+S06","R+S","control","07/03/23",0.0318021201413493
"R+S06","R+S","control","07/05/23",-0.115294117646901
"R+S06","R+S","control","07/06/23",0.107027027027297
"R+S06","R+S","control","07/07/23",-0.266211604095987
"R+S06","R+S","control","07/10/23",0.120139697322403
"R+S06","R+S","control","07/11/23",-0.0919540229885057
"R+S06","R+S","control","07/17/23",0.0309677419354971
"R+S06","R+S","control","07/18/23",-0.134482758620419
"R+S06","R+S","control","07/24/23",0.0296422487223052
"R+S06","R+S","control","07/31/23",0.0391752577319822
"R+S06","R+S","control","08/01/23",-0.0749999999999353
"R+S06","R+S","control","08/07/23",0.0295081967213115
"R+S06","R+S","control","08/14/23",0.0357894736841885
"R+S06","R+S","control","08/15/23",-0.093113482056487
"R+S07","R+S","drought","06/21/23",-0.154010695187357
"R+S07","R+S","drought","06/22/23",-0.178091872791226
"R+S07","R+S","drought","06/23/23",0.26351351351455
"R+S07","R+S","drought","06/26/23",0.156769596199221
"R+S07","R+S","drought","06/27/23",-0.193788819875917
"R+S07","R+S","drought","06/28/23",-0.211267605634149
"R+S07","R+S","drought","06/29/23",0.198620689655013
"R+S07","R+S","drought","07/03/23",0.0371024734982408
"R+S07","R+S","drought","07/05/23",-0.171764705882118
"R+S07","R+S","drought","07/06/23",0.103783783784045
"R+S07","R+S","drought","07/07/23",-0.229351535836542
"R+S07","R+S","drought","07/10/23",0.12433061699644
"R+S07","R+S","drought","07/11/23",-0.133333333333334
"R+S07","R+S","drought","07/17/23",0.0464516129032458
"R+S07","R+S","drought","07/18/23",-0.155172413792792
"R+S07","R+S","drought","07/24/23",0.0316865417376364
"R+S07","R+S","drought","07/31/23",0.0319587628866172
"R+S07","R+S","drought","08/01/23",-0.119117647058722
"R+S07","R+S","drought","08/07/23",-0.171584699453552
"R+S07","R+S","drought","08/08/23",-0.0766666666666666
"R+S07","R+S","drought","08/09/23",-0.0370656370656703
"R+S08","R+S","drought","06/21/23",-0.145454545454726
"R+S08","R+S","drought","06/22/23",-0.186572438162237
"R+S08","R+S","drought","06/23/23",0.21891891891978
"R+S08","R+S","drought","06/26/23",0.139667458432034
"R+S08","R+S","drought","06/27/23",-0.134161490683327
"R+S08","R+S","drought","06/28/23",-0.194366197183418
"R+S08","R+S","drought","06/29/23",0.182068965517095
"R+S08","R+S","drought","07/03/23",0.0222614840989444
"R+S08","R+S","drought","07/05/23",-0.112941176470433
"R+S08","R+S","drought","07/06/23",0.113513513513799
"R+S08","R+S","drought","07/07/23",-0.237542662116418
"R+S08","R+S","drought","07/10/23",-0.183003492432963
"R+S08","R+S","drought","07/11/23",-0.0459770114942529
"R+S08","R+S","drought","07/12/23",-0.0163599182003622
"R+S09","R+S","control","06/21/23",-0.183957219251566
"R+S09","R+S","control","06/22/23",-0.200727272727612
"R+S09","R+S","control","06/23/23",0.288157894737063
"R+S09","R+S","control","06/26/23",0.159619952493753
"R+S09","R+S","control","06/27/23",-0.175155279503232
"R+S09","R+S","control","06/28/23",-0.1985915492961
"R+S09","R+S","control","06/29/23",0.206896551723972
"R+S09","R+S","control","07/03/23",0.0318021201413493
"R+S09","R+S","control","07/05/23",-0.155294117646846
"R+S09","R+S","control","07/06/23",0.113513513513799
"R+S09","R+S","control","07/07/23",-0.221160409556666
"R+S09","R+S","control","07/10/23",0.101979045401574
"R+S09","R+S","control","07/11/23",-0.133333333333333
"R+S09","R+S","control","07/17/23",0.0376036866359609
"R+S09","R+S","control","07/18/23",-0.165517241378979
"R+S09","R+S","control","07/24/23",0.0275979557069738
"R+S09","R+S","control","07/31/23",0.037113402061878
"R+S09","R+S","control","08/01/23",-0.0794117647058149
"R+S09","R+S","control","08/07/23",0.0338797814207651
"R+S09","R+S","control","08/14/23",0.0399999999999755
"R+S09","R+S","control","08/15/23",-0.0980223559760809
"R+S10","R+S","control","06/21/23",-0.154010695187358
"R+S10","R+S","control","06/22/23",-0.178909090909394
"R+S10","R+S","control","06/23/23",0.252631578947562
"R+S10","R+S","control","06/26/23",0.156769596199221
"R+S10","R+S","control","06/27/23",-0.1416149068324
"R+S10","R+S","control","06/28/23",-0.156338028169271
"R+S10","R+S","control","06/29/23",0.256551724137725
"R+S10","R+S","control","07/03/23",0.0540636042402939
"R+S10","R+S","control","07/05/23",-0.157647058823314
"R+S10","R+S","control","07/06/23",0.155675675676067
"R+S10","R+S","control","07/07/23",-0.198058252426289
"RP01","RP","drought","06/21/23",-0.115508021390518
"RP01","RP","drought","06/22/23",-0.150522648083135
"RP01","RP","drought","06/23/23",0.321739130436411
"RP01","RP","drought","06/26/23",0.132867132866917
"RP01","RP","drought","06/27/23",-0.163975155279622
"RP01","RP","drought","06/28/23",-0.185915492958051
"RP01","RP","drought","06/29/23",0.223448275861889
"RP01","RP","drought","07/03/23",0.0212014134275662
"RP01","RP","drought","07/05/23",-0.162352941176248
"RP01","RP","drought","07/06/23",0.109677419355044
"RP01","RP","drought","07/07/23",-0.235051546392316
"RP01","RP","drought","07/10/23",0.0866123399301042
"RP01","RP","drought","07/11/23",-0.124137931034482
"RP01","RP","drought","07/17/23",0.0254377880184441
"RP01","RP","drought","07/18/23",-0.131034482758358
"RP01","RP","drought","07/24/23",0.0204429301533139
"RP01","RP","drought","07/31/23",-0.191752577319703
"RP01","RP","drought","08/01/23",-0.0617647058823
"RP01","RP","drought","08/02/23",-0.0647149460709711
"RP02","RP","drought","06/21/23",-0.143315508021569
"RP02","RP","drought","06/22/23",-0.171428571428015
"RP02","RP","drought","06/23/23",0.304411764705622
"RP02","RP","drought","06/26/23",0.12807424593971
"RP02","RP","drought","06/27/23",-0.152795031056011
"RP02","RP","drought","06/28/23",-0.185915492958052
"RP02","RP","drought","06/29/23",0.22344827586189
"RP02","RP","drought","07/03/23",0.0116607773851613
"RP02","RP","drought","07/05/23",-0.167058823529183
"RP02","RP","drought","07/06/23",0.109677419355045
"RP02","RP","drought","07/07/23",-0.247422680412965
"RP02","RP","drought","07/10/23",0.106169965075612
"RP02","RP","drought","07/11/23",-0.110344827586207
"RP02","RP","drought","07/17/23",0.0387096774193715
"RP02","RP","drought","07/18/23",-0.162068965516916
"RP02","RP","drought","07/24/23",0.026575809199308
"RP02","RP","drought","07/31/23",0.019587628865991
"RP02","RP","drought","08/01/23",-0.0882352941175715
"RP02","RP","drought","08/07/23",-0.179234972677596
"RP02","RP","drought","08/08/23",-0.0400000000000001
"RP02","RP","drought","08/09/23",-0.0289296046285549
"RP03","RP","drought","06/21/23",-0.143315508021569
"RP03","RP","drought","06/22/23",-0.142160278745183
"RP03","RP","drought","06/23/23",0.322058823529136
"RP03","RP","drought","06/26/23",0.168445475638096
"RP03","RP","drought","06/27/23",-0.13043478260879
"RP03","RP","drought","06/28/23",-0.143661971831222
"RP03","RP","drought","06/29/23",0.256551724137725
"RP03","RP","drought","07/03/23",0.0561837455830504
"RP03","RP","drought","07/05/23",-0.155294117646846
"RP03","RP","drought","07/06/23",0.145161290322853
"RP03","RP","drought","07/07/23",-0.193814432990156
"RP03","RP","drought","07/10/23",0.0852153667054254
"RP03","RP","drought","07/11/23",-0.193103448275862
"RP03","RP","drought","07/17/23",0.0342857142857289
"RP03","RP","drought","07/18/23",-0.20344827586166
"RP03","RP","drought","07/24/23",-0.194207836456482
"RP03","RP","drought","07/25/23",-0.168000000000391
"RP03","RP","drought","07/26/23",-0.119008264462352
"RP04","RP","drought","06/21/23",-0.13262032085578
"RP04","RP","drought","06/22/23",-0.188153310103919
"RP04","RP","drought","06/23/23",0.251470588235079
"RP04","RP","drought","06/26/23",0.12529002320189
"RP04","RP","drought","06/27/23",-0.145341614906937
"RP04","RP","drought","06/28/23",-0.169014084507319
"RP04","RP","drought","06/29/23",0.231724137930848
"RP04","RP","drought","07/03/23",0.0265017667844577
"RP04","RP","drought","07/05/23",-0.141176470588042
"RP04","RP","drought","07/06/23",0.135483870967996
"RP04","RP","drought","07/07/23",-0.202061855670588
"RP04","RP","drought","07/10/23",-0.189988358556358
"RP04","RP","drought","07/11/23",-0.0919540229885057
"RP04","RP","drought","07/12/23",-0.055714285714054
"RP05","RP","drought","06/21/23",-0.1518716577542
"RP05","RP","drought","06/22/23",-0.213240418117775
"RP05","RP","drought","06/23/23",0.369863013700695
"RP05","RP","drought","06/26/23",0.238004750593363
"RP05","RP","drought","06/27/23",-0.048447204968979
"RP05","RP","drought","06/28/23",-0.0591549295775614
"RP05","RP","drought","06/29/23",0.355862068965231
"RP05","RP","drought","07/03/23",0.15053003533572
"RP05","RP","drought","07/05/23",-0.0635294117646189
"RP05","RP","drought","07/06/23",0.258064516129517
"RP05","RP","drought","07/07/23",-0.0824742268043217
"RP05","RP","drought","07/10/23",0.199767171129112
"RP05","RP","drought","07/11/23",-0.0183908045977008
"RP05","RP","drought","07/17/23",0.12718894009222
"RP05","RP","drought","07/18/23",-0.141379310344544
"RP05","RP","drought","07/24/23",-0.104258943781901
"RP05","RP","drought","07/25/23",-0.124000000000288
"RP05","RP","drought","07/26/23",-0.101954120645548
"RP06","RP","control","06/21/23",-0.149732620321042
"RP06","RP","control","06/22/23",-0.167247386759039
"RP06","RP","control","06/23/23",0.291780821919437
"RP06","RP","control","06/26/23",0.141092636579299
"RP06","RP","control","06/27/23",-0.167701863354159
"RP06","RP","control","06/28/23",-0.160563380281953
"RP06","RP","control","06/29/23",0.252413793103246
"RP06","RP","control","07/03/23",0.0381625441696191
"RP06","RP","control","07/05/23",-0.167058823529183
"RP06","RP","control","07/06/23",0.12258064516152
"RP06","RP","control","07/07/23",-0.18969072164994
"RP06","RP","control","07/10/23",0.0726426076833134
"RP06","RP","control","07/11/23",-0.170114942528736
"RP06","RP","control","07/17/23",0.0199078341013912
"RP06","RP","control","07/18/23",-0.210344827585785
"RP06","RP","control","07/24/23",0.026575809199308
"RP06","RP","control","07/31/23",0.0144329896907304
"RP06","RP","control","08/01/23",-0.116166505323853
"RP07","RP","control","06/21/23",-0.177540106952093
"RP07","RP","control","06/22/23",-0.154703832752111
"RP07","RP","control","06/23/23",0.283561643837199
"RP07","RP","control","06/26/23",0.151068883610159
"RP07","RP","control","06/27/23",-0.145341614906937
"RP07","RP","control","06/28/23",-0.143661971831222
"RP07","RP","control","06/29/23",0.273103448275643
"RP07","RP","control","07/03/23",0.0710247349823466
"RP07","RP","control","07/05/23",-0.138823529411574
"RP07","RP","control","07/06/23",0.167741935484186
"RP07","RP","control","07/07/23",-0.153005464481459
"RP08","RP","control","06/22/23",-0.183972125434943
"RP08","RP","control","06/23/23",0.24657534246713
"RP08","RP","control","06/26/23",0.218052256531644
"RP08","RP","control","06/27/23",-0.387577639751833
"RP08","RP","control","06/28/23",-0.173239436620002
"RP08","RP","control","06/29/23",0.206896551723972
"RP08","RP","control","07/03/23",0.0286219081272144
"RP08","RP","control","07/05/23",-0.108235294117499
"RP08","RP","control","07/06/23",0.151612903226091
"RP08","RP","control","07/07/23",-0.21030927835102
"RP08","RP","control","07/10/23",0.0838183934807462
"RP08","RP","control","07/11/23",-0.110344827586207
"RP08","RP","control","07/17/23",0.019907834101391
"RP08","RP","control","07/18/23",-0.127586206896296
"RP08","RP","control","07/24/23",0.00613287904599425
"RP08","RP","control","07/31/23",0.0103092783505216
"RP08","RP","control","08/01/23",-0.123529411764601
"RP08","RP","control","08/07/23",0.0229508196721312
"RP08","RP","control","08/08/23",-0.135999999999367
"RP09","RP","control","06/21/23",-0.11336898395736
"RP09","RP","control","06/22/23",-0.167247386759039
"RP09","RP","control","06/23/23",0.256521739131733
"RP09","RP","control","06/26/23",0.0237762237761851
"RP09","RP","control","06/27/23",0.0186335403726843
"RP09","RP","control","06/28/23",-0.181690140845368
"RP09","RP","control","06/29/23",0.227586206896369
"RP09","RP","control","07/03/23",0.0318021201413493
"RP09","RP","control","07/05/23",-0.077647058823423
"RP09","RP","control","07/06/23",0.170967741935805
"RP09","RP","control","07/07/23",-0.206185567010804
"RP09","RP","control","07/10/23",0.0614668218858806
"RP09","RP","control","07/11/23",-0.114942528735632
"RP09","RP","control","07/17/23",0.0143778801843379
"RP09","RP","control","07/18/23",-0.106896551723924
"RP09","RP","control","07/24/23",0.00408858603066269
"RP09","RP","control","07/31/23",0.00824742268041729
"RP09","RP","control","08/01/23",-0.127941176470479
"RP09","RP","control","08/07/23",0.0240437158469946
"RP09","RP","control","08/14/23",0.0284210526315614
"RP09","RP","control","08/15/23",-0.0755395683453549
"S+T01","S+T","drought","06/21/23",-0.13262032085578
"S+T01","S+T","drought","06/22/23",-0.173195876289075
"S+T01","S+T","drought","06/23/23",0.34528301886527
"S+T01","S+T","drought","06/26/23",0.110043668122299
"S+T01","S+T","drought","06/27/23",-0.161963190183934
"S+T01","S+T","drought","06/28/23",-0.159440559440689
"S+T01","S+T","drought","06/29/23",0.24084507042293
"S+T01","S+T","drought","07/03/23",0.0275132275132275
"S+T01","S+T","drought","07/05/23",-0.180237154150115
"S+T01","S+T","drought","07/06/23",0.129729729730056
"S+T01","S+T","drought","07/07/23",-0.195918367346473
"S+T01","S+T","drought","07/10/23",0.0935972060534998
"S+T01","S+T","drought","07/11/23",-0.133333333333333
"S+T01","S+T","drought","07/17/23",0.0552486187844949
"S+T01","S+T","drought","07/18/23",-0.182758620689288
"S+T01","S+T","drought","07/24/23",-0.179897785349483
"S+T01","S+T","drought","07/25/23",-0.134653465346224
"S+T01","S+T","drought","07/26/23",-0.0427698574335751
"S+T02","S+T","control","06/21/23",-0.13262032085578
"S+T02","S+T","control","06/22/23",-0.185567010309724
"S+T02","S+T","control","06/23/23",0.362264150940612
"S+T02","S+T","control","06/26/23",0.116593886462912
"S+T02","S+T","control","06/27/23",-0.125153374233039
"S+T02","S+T","control","06/28/23",-0.159440559440689
"S+T02","S+T","control","06/29/23",0.236619718310247
"S+T02","S+T","control","07/03/23",0.0116402116402116
"S+T02","S+T","control","07/05/23",-0.132806324110611
"S+T02","S+T","control","07/06/23",0.0778378378380339
"S+T02","S+T","control","07/07/23",-0.257142857142246
"S+T02","S+T","control","07/10/23",0.104772991850933
"S+T02","S+T","control","07/11/23",-0.239080459770115
"S+T02","S+T","control","07/17/23",0.0386740331491464
"S+T02","S+T","control","07/18/23",-0.113793103448047
"S+T02","S+T","control","07/24/23",0.0102214650766752
"S+T02","S+T","control","07/25/23",-0.0659340659340398
"S+T03","S+T","control","06/21/23",-0.130481283422622
"S+T03","S+T","control","06/22/23",-0.193814432990156
"S+T03","S+T","control","06/23/23",0.379245283015952
"S+T03","S+T","control","06/26/23",0.106113537117931
"S+T03","S+T","control","06/27/23",-0.165644171779023
"S+T03","S+T","control","06/28/23",-0.184615384615535
"S+T03","S+T","control","06/29/23",0.207042253521466
"S+T03","S+T","control","07/03/23",0.035978835978836
"S+T03","S+T","control","07/05/23",-0.12332015810271
"S+T03","S+T","control","07/06/23",0.110270270270548
"S+T03","S+T","control","07/07/23",-0.244897959183092
"S+T03","S+T","control","07/10/23",0.0935972060534998
"S+T03","S+T","control","07/11/23",-0.128735632183908
"S+T03","S+T","control","07/17/23",0.0309392265193172
"S+T03","S+T","control","07/18/23",-0.0836501901141056
"S+T04","S+T","control","06/21/23",-0.109090909091045
"S+T04","S+T","control","06/22/23",-0.148453608247779
"S+T04","S+T","control","06/23/23",0.418867924525082
"S+T04","S+T","control","06/26/23",0.0877729257642145
"S+T04","S+T","control","06/27/23",-0.198773006134828
"S+T04","S+T","control","06/28/23",-0.159440559440689
"S+T04","S+T","control","06/29/23",0.228169014084881
"S+T04","S+T","control","07/03/23",0.0275132275132276
"S+T04","S+T","control","07/05/23",-0.142292490118512
"S+T04","S+T","control","07/06/23",0.13945945945981
"S+T04","S+T","control","07/07/23",-0.216326530611731
"S+T04","S+T","control","07/10/23",0.0977881257275372
"S+T04","S+T","control","07/11/23",-0.119540229885058
"S+T04","S+T","control","07/17/23",0.0209944751381081
"S+T04","S+T","control","07/18/23",-0.179310344827226
"S+T04","S+T","control","07/24/23",0.0153321976150128
"S+T04","S+T","control","07/31/23",0.0103004291845452
"S+T04","S+T","control","08/01/23",-0.120845921450236
"S+T05","S+T","control","06/21/23",-0.111229946524203
"S+T05","S+T","control","06/22/23",-0.164948453608643
"S+T05","S+T","control","06/23/23",0.390291262134158
"S+T05","S+T","control","06/26/23",0.111930585683241
"S+T05","S+T","control","06/27/23",-0.169325153374112
"S+T05","S+T","control","06/28/23",-0.159440559440689
"S+T05","S+T","control","06/29/23",0.24084507042293
"S+T05","S+T","control","07/03/23",0.0306878306878307
"S+T05","S+T","control","07/05/23",-0.18735177865604
"S+T05","S+T","control","07/06/23",0.126486486486805
"S+T05","S+T","control","07/07/23",-0.199999999999525
"S+T05","S+T","control","07/10/23",0.0754365541326715
"S+T05","S+T","control","07/11/23",-0.151724137931034
"S+T05","S+T","control","07/17/23",0.0320441988950069
"S+T05","S+T","control","07/18/23",-0.141379310344544
"S+T05","S+T","control","07/24/23",0.0112436115843428
"S+T05","S+T","control","07/25/23",-0.154269972450604
"S+T07","S+T","drought","06/21/23",-0.117647058823676
"S+T07","S+T","drought","06/22/23",-0.144329896907563
"S+T07","S+T","drought","06/23/23",0.43689320388152
"S+T07","S+T","drought","06/26/23",0.0989154013014684
"S+T07","S+T","drought","06/27/23",-0.173006134969202
"S+T07","S+T","drought","06/28/23",-0.155244755244881
"S+T07","S+T","drought","06/29/23",0.236619718310247
"S+T07","S+T","drought","07/03/23",0.00740740740740744
"S+T07","S+T","drought","07/05/23",-0.175494071146164
"S+T07","S+T","drought","07/06/23",0.110270270270548
"S+T07","S+T","drought","07/07/23",-0.21224489795868
"S+T07","S+T","drought","07/10/23",0.0782305005820297
"S+T07","S+T","drought","07/11/23",-0.101149425287356
"S+T07","S+T","drought","07/17/23",0.0232044198894879
"S+T07","S+T","drought","07/18/23",-0.193103448275475
"S+T07","S+T","drought","07/24/23",0.0194207836456828
"S+T07","S+T","drought","07/31/23",0.00309012875536354
"S+T07","S+T","drought","08/01/23",-0.158241758242163
"S+T07","S+T","drought","08/07/23",0.0415300546448087
"S+T07","S+T","drought","08/14/23",-0.202105263157771
"S+T07","S+T","drought","08/15/23",-0.0400000000000931
"S+T07","S+T","drought","08/16/23",-0.0161434977578642
"S+T09","S+T","drought","06/21/23",-0.177540106952093
"S+T09","S+T","drought","06/22/23",-0.164948453608643
"S+T09","S+T","drought","06/23/23",0.419417475726259
"S+T09","S+T","drought","06/26/23",0.113232104121418
"S+T09","S+T","drought","06/27/23",-0.158282208588844
"S+T09","S+T","drought","06/28/23",-0.142657342657458
"S+T09","S+T","drought","06/29/23",0.274647887324394
"S+T09","S+T","drought","07/03/23",0.0539682539682539
"S+T09","S+T","drought","07/05/23",-0.166007905138264
"S+T09","S+T","drought","07/06/23",0.152432432432816
"S+T09","S+T","drought","07/07/23",-0.163265306122061
"S+T09","S+T","drought","07/10/23",0.0922002328288207
"S+T09","S+T","drought","07/11/23",-0.179310344827586
"S+T09","S+T","drought","07/17/23",0.0441988950275959
"S+T09","S+T","drought","07/18/23",-0.193103448275474
"S+T09","S+T","drought","07/24/23",0.0173764906303477
"S+T09","S+T","drought","07/31/23",-0.209098712446268
"S+T09","S+T","drought","08/01/23",-0.224175824176398
"S+T09","S+T","drought","08/02/23",-0.180690876881787
"S+T10","S+T","drought","06/21/23",-0.117647058823676
"S+T10","S+T","drought","06/22/23",-0.169072164948859
"S+T10","S+T","drought","06/23/23",0.413592233007839
"S+T10","S+T","drought","06/26/23",0.104121475054177
"S+T10","S+T","drought","06/27/23",-0.173006134969201
"S+T10","S+T","drought","06/28/23",-0.167832167832304
"S+T10","S+T","drought","06/29/23",0.24084507042293
"S+T10","S+T","drought","07/03/23",0.0190476190476192
"S+T10","S+T","drought","07/05/23",-0.168379446640239
"S+T10","S+T","drought","07/06/23",0.103783783784045
"S+T10","S+T","drought","07/07/23",-0.220408163264783
"S+T10","S+T","drought","07/10/23",-0.191385331781037
"S+T10","S+T","drought","07/11/23",-0.0597701149425286
"S+T10","S+T","drought","07/12/23",-0.0381679389312808
"S+T11","S+T","control","06/21/23",-0.136898395722096
"S+T11","S+T","control","06/22/23",-0.160824742268427
"S+T11","S+T","control","06/23/23",0.413999999999518
"S+T11","S+T","control","06/26/23",0.0995689655171163
"S+T11","S+T","control","06/27/23",-0.169325153374112
"S+T11","S+T","control","06/28/23",-0.167832167832304
"S+T11","S+T","control","06/29/23",0.228169014084881
"S+T11","S+T","control","07/03/23",0.0253968253968253
"S+T11","S+T","control","07/05/23",-0.151778656126412
"S+T11","S+T","control","07/06/23",0.136216216216559
"S+T11","S+T","control","07/07/23",-0.204081632652576
"S+T11","S+T","control","07/10/23",0.0963911525028582
"S+T11","S+T","control","07/11/23",-0.137931034482759
"S+T11","S+T","control","07/17/23",0.0353591160220766
"S+T11","S+T","control","07/18/23",-0.172413793103102
"S+T11","S+T","control","07/24/23",0.023509369676353
"S+T11","S+T","control","07/31/23",0.0206008583690905
"S+T11","S+T","control","08/01/23",-0.140659340659701
"S+T11","S+T","control","08/07/23",0.0393442622950819
"S+T11","S+T","control","08/08/23",-0.146428571427962
"S+T12","S+T","control","06/21/23",-0.117647058823676
"S+T12","S+T","control","06/22/23",-0.148453608247779
"S+T12","S+T","control","06/23/23",0.419999999999511
"S+T12","S+T","control","06/26/23",0.116379310344682
"S+T12","S+T","control","06/27/23",-0.150920245398665
"S+T12","S+T","control","06/28/23",-0.167832167832304
"S+T12","S+T","control","06/29/23",0.253521126760979
"S+T12","S+T","control","07/03/23",0.0232804232804233
"S+T12","S+T","control","07/05/23",-0.173122529644189
"S+T12","S+T","control","07/06/23",0.113513513513799
"S+T12","S+T","control","07/07/23",-0.213787761424134
"S+T13","S+T","drought","06/21/23",-0.0962566844920986
"S+T13","S+T","drought","06/22/23",-0.148453608247779
"S+T13","S+T","drought","06/23/23",0.449999999999476
"S+T13","S+T","drought","06/26/23",0.0840517241378256
"S+T13","S+T","drought","06/27/23",-0.202453987729917
"S+T13","S+T","drought","06/28/23",-0.197202797202958
"S+T13","S+T","drought","06/29/23",0.223943661972198
"S+T13","S+T","drought","07/03/23",0.019047619047619
"S+T13","S+T","drought","07/05/23",-0.0996047430829582
"S+T13","S+T","drought","07/06/23",0.171891891892324
"S+T13","S+T","drought","07/07/23",-0.195918367346473
"S+T13","S+T","drought","07/10/23",0.0838183934807462
"S+T13","S+T","drought","07/11/23",-0.124137931034483
"S+T13","S+T","drought","07/17/23",0.00552486187844948
"S+T13","S+T","drought","07/18/23",-0.141379310344544
"S+T13","S+T","drought","07/24/23",0.0204429301533504
"S+T13","S+T","drought","07/31/23",0.00515021459227262
"S+T13","S+T","drought","08/01/23",-0.0615384615386186
"S+T13","S+T","drought","08/07/23",0.0633879781420765
"S+T13","S+T","drought","08/14/23",-0.223157894736705
"S+T13","S+T","drought","08/15/23",-0.112000000000261
"S+T13","S+T","drought","08/16/23",-0.0181680545041666
"S+T14","S+T","drought","06/21/23",-0.162566844919988
"S+T14","S+T","drought","06/22/23",-0.148453608247779
"S+T14","S+T","drought","06/23/23",0.359999999999581
"S+T14","S+T","drought","06/26/23",0.117672413792956
"S+T14","S+T","drought","06/27/23",-0.298159509202241
"S+T14","S+T","drought","06/28/23",-0.146853146853266
"S+T14","S+T","drought","06/29/23",0.283098591549759
"S+T14","S+T","drought","07/03/23",0.0486772486772488
"S+T14","S+T","drought","07/05/23",-0.170750988142214
"S+T14","S+T","drought","07/06/23",0.155675675676067
"S+T14","S+T","drought","07/07/23",-0.179591836734267
"S+T14","S+T","drought","07/10/23",0.0796274738067087
"S+T14","S+T","drought","07/11/23",-0.174712643678161
"S+T14","S+T","drought","07/17/23",-0.183425414364523
"S+T14","S+T","drought","07/18/23",-0.206896551723723
"S+T14","S+T","drought","07/19/23",-0.148721920991909
"SP01","SP","control","06/21/23",-0.171122994652619
"SP01","SP","control","06/22/23",-0.136082474227131
"SP01","SP","control","06/23/23",0.327692307691134
"SP01","SP","control","06/26/23",0.143448275861954
"SP01","SP","control","06/27/23",-0.133333333333333
"SP01","SP","control","06/28/23",-0.130069930070036
"SP01","SP","control","06/29/23",0.278873239437077
"SP01","SP","control","07/03/23",0.0507936507936508
"SP01","SP","control","07/05/23",-0.148818897637659
"SP01","SP","control","07/06/23",0.13945945945981
"SP01","SP","control","07/07/23",-0.168493150684663
"SP01","SP","control","07/10/23",0.103135888501658
"SP01","SP","control","07/11/23",-0.188505747126437
"SP01","SP","control","07/17/23",0.0397790055248364
"SP01","SP","control","07/18/23",-0.205594405594573
"SP02","SP","drought","06/21/23",-0.168983957219462
"SP02","SP","drought","06/22/23",-0.181443298969508
"SP02","SP","drought","06/23/23",0.290769230768189
"SP02","SP","drought","06/26/23",0.111724137930945
"SP02","SP","drought","06/27/23",-0.166666666666667
"SP02","SP","drought","06/28/23",-0.15944055944069
"SP02","SP","drought","06/29/23",0.253521126760979
"SP02","SP","drought","07/03/23",0.017989417989418
"SP02","SP","drought","07/05/23",-0.181889763779361
"SP02","SP","drought","07/06/23",0.103783783784045
"SP02","SP","drought","07/07/23",-0.217808219177735
"SP02","SP","drought","07/10/23",0.0864111498257139
"SP02","SP","drought","07/11/23",-0.151724137931034
"SP02","SP","drought","07/17/23",0.0298342541436273
"SP02","SP","drought","07/18/23",-0.21661891117493
"SP02","SP","drought","07/24/23",0.0275744680851173
"SP02","SP","drought","07/31/23",-0.189527896995632
"SP02","SP","drought","08/01/23",-0.0923076923079282
"SP02","SP","drought","08/02/23",-0.0619834710744994
"SP03","SP","control","06/21/23",-0.1518716577542
"SP03","SP","control","06/22/23",-0.140206185567347
"SP03","SP","control","06/23/23",0.318461538460398
"SP03","SP","control","06/26/23",0.140689655172301
"SP03","SP","control","06/27/23",-0.159259259259259
"SP03","SP","control","06/28/23",-0.155244755244882
"SP03","SP","control","06/29/23",0.257746478873662
"SP03","SP","control","07/03/23",0.0306878306878306
"SP03","SP","control","07/05/23",-0.158267716535288
"SP03","SP","control","07/06/23",0.129729729730056
"SP03","SP","control","07/07/23",-0.171428571428965
"SP04","SP","control","06/21/23",-0.100534759358414
"SP04","SP","control","06/22/23",-0.152577319587995
"SP04","SP","control","06/23/23",0.309230769229662
"SP04","SP","control","06/26/23",0.119999999999904
"SP04","SP","control","06/27/23",-0.166666666666667
"SP04","SP","control","06/28/23",-0.167832167832304
"SP04","SP","control","06/29/23",0.236619718310248
"SP04","SP","control","07/03/23",0.019047619047619
"SP04","SP","control","07/05/23",-0.16535433070851
"SP04","SP","control","07/06/23",0.107027027027296
"SP04","SP","control","07/07/23",-0.209589041095556
"SP04","SP","control","07/10/23",0.0919860627176953
"SP04","SP","control","07/11/23",-0.160919540229885
"SP04","SP","control","07/17/23",0.0254143646408676
"SP04","SP","control","07/18/23",-0.123782234957103
"SP04","SP","control","07/24/23",0.0194042553191567
"SP04","SP","control","07/31/23",0.0154506437768179
"SP04","SP","control","08/01/23",-0.0915254237287238
"SP05","SP","drought","06/21/23",-0.119786096256834
"SP05","SP","drought","06/22/23",-0.148453608247779
"SP05","SP","drought","06/23/23",0.318461538460398
"SP05","SP","drought","06/26/23",0.129655172413689
"SP05","SP","drought","06/27/23",-0.166666666666667
"SP05","SP","drought","06/28/23",-0.159440559440689
"SP05","SP","drought","06/29/23",0.245070422535613
"SP05","SP","drought","07/03/23",0.0148148148148147
"SP05","SP","drought","07/05/23",-0.167716535432917
"SP05","SP","drought","07/06/23",0.120000000000302
"SP05","SP","drought","07/07/23",-0.201369863013378
"SP05","SP","drought","07/10/23",-0.186759581881382
"SP06","SP","drought","06/21/23",-0.485561497326808
"SP06","SP","drought","06/22/23",-0.0412371134021608
"SP06","SP","drought","06/23/23",0.392307692306287
"SP06","SP","drought","06/26/23",0.245517241379113
"SP06","SP","drought","06/27/23",-0.048148148148148
"SP06","SP","drought","06/28/23",-0.0671328671329221
"SP06","SP","drought","06/29/23",0.329577464789273
"SP06","SP","drought","07/03/23",0.0952380952380952
"SP06","SP","drought","07/05/23",-0.129921259842401
"SP06","SP","drought","07/06/23",0.165405405405822
"SP06","SP","drought","07/07/23",-0.168493150684663
"SP06","SP","drought","07/10/23",0.122648083623594
"SP06","SP","drought","07/11/23",-0.151724137931035
"SP06","SP","drought","07/17/23",-0.153591160220896
"SP06","SP","drought","07/18/23",-0.185673352435654
"SP06","SP","drought","07/19/23",-0.154838709678085
"SP07","SP","control","06/22/23",-0.11546391752605
"SP07","SP","control","06/23/23",0.329323308268659
"SP07","SP","control","06/26/23",0.115277777777778
"SP07","SP","control","06/27/23",-0.140740740740741
"SP07","SP","control","06/28/23",-0.138461538461651
"SP07","SP","control","06/29/23",0.253521126760979
"SP07","SP","control","07/03/23",0.0243386243386245
"SP07","SP","control","07/05/23",-0.0968503937006988
"SP07","SP","control","07/06/23",0.149189189189565
"SP07","SP","control","07/07/23",-0.205479452054467
"SP07","SP","control","07/10/23",0.0710801393727646
"SP07","SP","control","07/11/23",-0.137931034482759
"SP07","SP","control","07/17/23",0.011049723756899
"SP07","SP","control","07/18/23",-0.120343839541628
"SP07","SP","control","07/24/23",0.0102127659574509
"SP07","SP","control","07/31/23",0.00618025751072723
"SP07","SP","control","08/01/23",-0.074725274725466
"SP07","SP","control","08/07/23",0.014207650273224
"SP07","SP","control","08/14/23",0.0442105263157624
"SP07","SP","control","08/15/23",-0.0602739726029324
"SP08","SP","control","06/21/23",-0.160427807486831
"SP08","SP","control","06/22/23",-0.164948453608643
"SP08","SP","control","06/23/23",0.270569620252616
"SP08","SP","control","06/26/23",0.102599179206436
"SP08","SP","control","06/27/23",-0.122222222222222
"SP08","SP","control","06/28/23",-0.130069930070036
"SP08","SP","control","06/29/23",0.253521126760979
"SP08","SP","control","07/03/23",0.0116402116402117
"SP08","SP","control","07/05/23",-0.129921259842401
"SP08","SP","control","07/06/23",0.126486486486805
"SP08","SP","control","07/07/23",-0.230136986301003
"SP08","SP","control","07/10/23",0.0850174216027184
"SP08","SP","control","07/11/23",-0.0781609195402294
"SP08","SP","control","07/17/23",0.011049723756899
"SP08","SP","control","07/18/23",-0.206303724928504
"SP08","SP","control","07/24/23",0.0316595744680977
"SP08","SP","control","07/31/23",0.0144206008583632
"SP08","SP","control","08/01/23",-0.202197802198319
"SP08","SP","control","08/07/23",0.0120218579234974
"SP08","SP","control","08/08/23",-0.115068493150502
"SP09","SP","drought","06/21/23",-0.134759358288938
"SP09","SP","drought","06/22/23",-0.169072164948859
"SP09","SP","drought","06/23/23",0.284810126581701
"SP09","SP","drought","06/26/23",0.0943912448699209
"SP09","SP","drought","06/27/23",-0.151851851851852
"SP09","SP","drought","06/28/23",-0.163636363636497
"SP09","SP","drought","06/29/23",0.249295774648296
"SP09","SP","drought","07/03/23",0.0656084656084656
"SP09","SP","drought","07/05/23",-0.0897637795274767
"SP09","SP","drought","07/06/23",0.152432432432816
"SP09","SP","drought","07/07/23",-0.221917808218824
"SP09","SP","drought","07/10/23",0.0836236933797231
"SP09","SP","drought","07/11/23",-0.133333333333333
"SP09","SP","drought","07/17/23",0.0254143646408676
"SP09","SP","drought","07/18/23",-0.137535816619003
"SP09","SP","drought","07/24/23",0.0173617021276665
"SP09","SP","drought","07/31/23",0.0103004291845452
"SP09","SP","drought","08/01/23",-0.0967032967035442
"SP09","SP","drought","08/07/23",-0.201092896174863
"SP09","SP","drought","08/08/23",-0.0666666666666667
"SP09","SP","drought","08/09/23",-0.0349854227405665
"SP10","SP","control","06/21/23",-0.145454545454726
"SP10","SP","control","06/22/23",-0.148453608247779
"SP10","SP","control","06/23/23",0.308544303796843
"SP10","SP","control","06/26/23",0.113543091655122
"SP10","SP","control","06/27/23",-0.17037037037037
"SP10","SP","control","06/28/23",-0.159440559440689
"SP10","SP","control","06/29/23",0.261971830986345
"SP10","SP","control","07/03/23",0.0232804232804232
"SP10","SP","control","07/05/23",-0.205511811023433
"SP10","SP","control","07/06/23",0.107027027027296
"SP10","SP","control","07/07/23",-0.217808219177735
"SP10","SP","control","07/10/23",0.0487804878048385
"SP10","SP","control","07/11/23",-0.220689655172414
"SP10","SP","control","07/17/23",-0.00994475138120898
"SP10","SP","control","07/18/23",-0.271633237822531
"SP10","SP","control","07/24/23",-0.0459574468085289
"SP10","SP","control","07/31/23",0.0185407725321814
"SP10","SP","control","08/01/23",-0.0720000000000671
"SP11","SP","drought","06/21/23",-0.154010695187358
"SP11","SP","drought","06/22/23",-0.152577319587995
"SP11","SP","drought","06/23/23",0.275316455695645
"SP11","SP","drought","06/26/23",0.136798905608581
"SP11","SP","drought","06/27/23",-0.140740740740741
"SP11","SP","drought","06/28/23",-0.12167832167842
"SP11","SP","drought","06/29/23",0.291549295775126
"SP11","SP","drought","07/03/23",0.0793650793650794
"SP11","SP","drought","07/05/23",-0.151181102362066
"SP11","SP","drought","07/06/23",0.152432432432816
"SP11","SP","drought","07/07/23",-0.172602739725752
"SP11","SP","drought","07/10/23",0.101742160278663
"SP11","SP","drought","07/11/23",-0.16551724137931
"SP11","SP","drought","07/17/23",0.0309392265193171
"SP11","SP","drought","07/18/23",-0.20286532951303
"SP11","SP","drought","07/24/23",-0.166468085106449
"SP11","SP","drought","07/25/23",-0.170860927152581
"SP11","SP","drought","07/26/23",-0.153965785380915
"SP12","SP","control","06/21/23",-0.126203208556307
"SP12","SP","control","06/22/23",-0.127835051546699
"SP12","SP","control","06/23/23",0.337025316455013
"SP12","SP","control","06/26/23",0.105335157318607
"SP12","SP","control","06/27/23",-0.185185185185185
"SP12","SP","control","06/28/23",-0.172027972028112
"SP12","SP","control","06/29/23",0.223943661972198
"SP12","SP","control","07/03/23",0.00952380952380958
"SP12","SP","control","07/05/23",-0.125196850393586
"SP12","SP","control","07/06/23",0.126486486486805
"SP12","SP","control","07/07/23",-0.213698630136646
"SP12","SP","control","07/10/23",0.079442508710737
"SP12","SP","control","07/11/23",-0.119540229885057
"SP12","SP","control","07/17/23",0.00773480662982931
"SP12","SP","control","07/18/23",-0.154727793696378
"SP12","SP","control","07/24/23",0.0122553191489409
"SP12","SP","control","07/31/23",-0.00618025751072708
"SP12","SP","control","08/01/23",-0.189010989011472
"SP12","SP","control","08/07/23",0.0338797814207651
"SP12","SP","control","08/14/23",0.00631578947368043
"SP12","SP","control","08/15/23",-0.121827411167493
"SP13","SP","drought","06/22/23",-0.0948453608249698
"SP13","SP","drought","06/23/23",0.303797468353814
"SP13","SP","drought","06/26/23",0.195622435020271
"SP13","SP","drought","06/27/23",-0.0814814814814816
"SP13","SP","drought","06/28/23",-0.0839160839161522
"SP13","SP","drought","06/29/23",0.346478873240005
"SP13","SP","drought","07/03/23",0.124867724867725
"SP13","SP","drought","07/05/23",-0.0897637795274767
"SP13","SP","drought","07/06/23",0.236756756757353
"SP13","SP","drought","07/07/23",-0.0945205479450546
"SP13","SP","drought","07/10/23",0.1811846689894
"SP13","SP","drought","07/11/23",-0.114942528735632
"SP13","SP","drought","07/17/23",0.131491712707098
"SP13","SP","drought","07/18/23",-0.103151862464252
"SP13","SP","drought","07/24/23",0.117446808510685
"SP13","SP","drought","07/31/23",0.125665236051452
"SP13","SP","drought","08/01/23",-0.351648351649251
"SP13","SP","drought","08/07/23",0.110382513661202
"SP13","SP","drought","08/14/23",-0.116842105263086
"SP13","SP","drought","08/15/23",-0.036000000000084
"SP13","SP","drought","08/16/23",-0.04447739065951
"SP14","SP","drought","06/21/23",-0.143315508021569
"SP14","SP","drought","06/22/23",-0.177319587629292
"SP14","SP","drought","06/23/23",0.290769230768189
"SP14","SP","drought","06/26/23",0.107586206896466
"SP14","SP","drought","06/27/23",-0.166666666666667
"SP14","SP","drought","06/28/23",-0.17622377622392
"SP14","SP","drought","06/29/23",0.207042253521466
"SP14","SP","drought","07/03/23",0.0190476190476192
"SP14","SP","drought","07/05/23",-0.099212598425106
"SP14","SP","drought","07/06/23",0.165405405405822
"SP14","SP","drought","07/07/23",-0.18493150684902
"SP14","SP","drought","07/10/23",0.107317073170645
"SP14","SP","drought","07/11/23",-0.137931034482759
"SP14","SP","drought","07/17/23",0.0254143646408676
"SP14","SP","drought","07/18/23",-0.140974212034478
"SP14","SP","drought","07/24/23",-0.0020425531914902
"SP14","SP","drought","07/31/23",-0.197768240343269
"SP14","SP","drought","08/01/23",-0.0263736263736939
"SP14","SP","drought","08/02/23",-0.0174545454545749
"SP29","SP","drought","06/21/23",-0.166844919786304
"SP29","SP","drought","06/22/23",-0.22750929367951
"SP29","SP","drought","06/23/23",0.212903225807571
"SP29","SP","drought","06/26/23",0.12114014251758
"SP29","SP","drought","06/27/23",-0.152795031056011
"SP29","SP","drought","06/28/23",-0.177464788732685
"SP29","SP","drought","06/29/23",0.215172413792931
"SP29","SP","drought","07/03/23",0.0222614840989444
"SP29","SP","drought","07/05/23",-0.084705882352825
"SP29","SP","drought","07/06/23",0.217297297297844
"SP29","SP","drought","07/07/23",-0.159726962457592
"SP29","SP","drought","07/10/23",0.0656577415599179
"SP29","SP","drought","07/11/23",-0.193103448275862
"SP29","SP","drought","07/17/23",0.0276497695852653
"SP29","SP","drought","07/18/23",-0.0793103448274269
"SP29","SP","drought","07/24/23",0.0275979557069738
"SP29","SP","drought","07/31/23",-0.0072103004291817
"SP29","SP","drought","08/01/23",-0.0711111111111112
"SP29","SP","drought","08/07/23",-0.184699453551913
"SP29","SP","drought","08/08/23",-0.163333333333333
"SP29","SP","drought","08/09/23",-0.0461538461538838
"SP30","SP","drought","06/21/23",-0.158288770053673
"SP30","SP","drought","06/22/23",-0.214126394051303
"SP30","SP","drought","06/23/23",0.212903225807571
"SP30","SP","drought","06/26/23",0.122565320664846
"SP30","SP","drought","06/27/23",-0.152795031056011
"SP30","SP","drought","06/28/23",-0.169014084507319
"SP30","SP","drought","06/29/23",0.206896551723972
"SP30","SP","drought","07/03/23",0.0159010600706746
"SP30","SP","drought","07/05/23",-0.0823529411763578
"SP30","SP","drought","07/06/23",0.227027027027598
"SP30","SP","drought","07/07/23",-0.151535836177715
"SP30","SP","drought","07/10/23",0.0796274738067087
"SP30","SP","drought","07/11/23",-0.183908045977011
"SP30","SP","drought","07/17/23",-0.205714285714374
"SP30","SP","drought","07/18/23",-0.082758620689489
"SP30","SP","drought","07/19/23",-0.0290416263309633
"SP31","SP","control","06/21/23",-0.164705882353146
"SP31","SP","control","06/22/23",-0.194716981131733
"SP31","SP","control","06/23/23",0.236942675160114
"SP31","SP","control","06/26/23",0.128266033253908
"SP31","SP","control","06/27/23",-0.167701863354159
"SP31","SP","control","06/28/23",-0.169014084507319
"SP31","SP","control","06/29/23",0.227586206896369
"SP31","SP","control","07/03/23",0.0318021201413493
"SP31","SP","control","07/05/23",-0.190588235293857
"SP31","SP","control","07/06/23",0.113513513513799
"SP31","SP","control","07/07/23",-0.212969283276789
"SP31","SP","control","07/10/23",0.094994179278179
"SP31","SP","control","07/11/23",-0.110344827586207
"SP31","SP","control","07/17/23",0.039815668202782
"SP31","SP","control","07/18/23",-0.206896551723722
"SP31","SP","control","07/24/23",0.0398637137989621
"SP31","SP","control","07/25/23",-0.0860215053763441
"SP32","SP","control","06/21/23",-0.139037433155253
"SP32","SP","control","06/22/23",-0.185660377358164
"SP32","SP","control","06/23/23",0.236942675160114
"SP32","SP","control","06/26/23",0.145368171021096
"SP32","SP","control","06/27/23",-0.152795031056011
"SP32","SP","control","06/28/23",-0.152112676056588
"SP32","SP","control","06/29/23",0.244137931034287
"SP32","SP","control","07/03/23",0.041342756183754
"SP32","SP","control","07/05/23",-0.159999999999781
"SP32","SP","control","07/06/23",0.132972972973308
"SP32","SP","control","07/07/23",-0.167918088737469
"SP32","SP","control","07/10/23",0.0866123399301044
"SP32","SP","control","07/11/23",-0.170114942528736
"SP32","SP","control","07/17/23",0.0409216589861927
"SP32","SP","control","07/18/23",-0.196244700180906
"SP33","SP","drought","06/21/23",-0.186096256684724
"SP33","SP","drought","06/22/23",-0.239999999999578
"SP33","SP","drought","06/23/23",0.252229299363993
"SP33","SP","drought","06/26/23",0.108313539192189
"SP33","SP","drought","06/27/23",-0.149068322981474
"SP33","SP","drought","06/28/23",-0.152112676056587
"SP33","SP","drought","06/29/23",0.239999999999807
"SP33","SP","drought","07/03/23",0.0243816254417011
"SP33","SP","drought","07/05/23",-0.105882352941031
"SP33","SP","drought","07/06/23",0.171891891892324
"SP33","SP","drought","07/07/23",-0.188395904437159
"SP33","SP","drought","07/10/23",0.0810244470313879
"SP33","SP","drought","07/11/23",-0.124137931034483
"SP33","SP","drought","07/17/23",0.0143778801843379
"SP33","SP","drought","07/18/23",-0.148275862068668
"SP33","SP","drought","07/24/23",-0.20647359454847
"SP33","SP","drought","07/25/23",-0.036000000000084
"SP33","SP","drought","07/26/23",-0.0190930787589392
"SP34","SP","control","06/21/23",-0.139037433155253
"SP34","SP","control","06/22/23",-0.200727272727613
"SP34","SP","control","06/23/23",0.256578947368618
"SP34","SP","control","06/26/23",0.133966745842971
"SP34","SP","control","06/27/23",-0.167701863354159
"SP34","SP","control","06/28/23",-0.169014084507319
"SP34","SP","control","06/29/23",0.239999999999807
"SP34","SP","control","07/03/23",0.0318021201413493
"SP34","SP","control","07/05/23",-0.148235294117444
"SP34","SP","control","07/06/23",0.126486486486805
"SP34","SP","control","07/07/23",-0.212969283276789
"SP34","SP","control","07/10/23",0.0922002328288207
"SP34","SP","control","07/11/23",-0.119540229885057
"SP34","SP","control","07/17/23",0.0287557603686759
"SP34","SP","control","07/18/23",-0.149901380670405
"SP35","SP","drought","06/21/23",-0.119786096256834
"SP35","SP","drought","06/22/23",-0.22750929367951
"SP35","SP","drought","06/23/23",0.243870967743218
"SP35","SP","drought","06/26/23",0.122565320664846
"SP35","SP","drought","06/27/23",-0.171428571428695
"SP35","SP","drought","06/28/23",-0.177464788732685
"SP35","SP","drought","06/29/23",0.198620689655013
"SP35","SP","drought","07/03/23",0.0254416961130795
"SP35","SP","drought","07/05/23",-0.13411764705864
"SP35","SP","drought","07/06/23",0.100540540540793
"SP35","SP","drought","07/07/23",-0.23344709897648
"SP35","SP","drought","07/10/23",0.101979045401575
"SP35","SP","drought","07/11/23",-0.101149425287356
"SP35","SP","drought","07/17/23",0.0265437788018548
"SP35","SP","drought","07/18/23",-0.141379310344544
"SP35","SP","drought","07/24/23",0.0061328790459941
"SP35","SP","drought","07/31/23",0.0072103004291817
"SP35","SP","drought","08/01/23",-0.102222222222222
"SP35","SP","drought","08/07/23",0.0174863387978141
"SP35","SP","drought","08/14/23",-0.181052631578836
"SP35","SP","drought","08/15/23",-0.0400000000000931
"SP35","SP","drought","08/16/23",-0.0217391304347276
"SP36","SP","control","06/21/23",-0.181818181818408
"SP36","SP","control","06/22/23",-0.240892193307716
"SP36","SP","control","06/23/23",0.274838709678864
"SP36","SP","control","06/26/23",0.129691211401174
"SP36","SP","control","06/27/23",-0.171428571428696
"SP36","SP","control","06/28/23",-0.143661971831221
"SP36","SP","control","06/29/23",0.235862068965328
"SP36","SP","control","07/03/23",0.0381625441696192
"SP36","SP","control","07/05/23",-0.12470588235277
"SP36","SP","control","07/06/23",0.132972972973307
"SP36","SP","control","07/07/23",-0.212969283276789
"SP36","SP","control","07/10/23",0.0963911525028582
"SP36","SP","control","07/11/23",-0.119540229885058
"SP36","SP","control","07/17/23",0.0287557603686759
"SP36","SP","control","07/18/23",-0.148275862068668
"SP36","SP","control","07/24/23",0.013287904599654
"SP36","SP","control","07/31/23",0.0072103004291817
"SP36","SP","control","08/01/23",-0.111111111111111
"SP36","SP","control","08/07/23",0.0273224043715847
"SP36","SP","control","08/08/23",-0.139376770538152
"SP37","SP","control","06/21/23",-0.106951871657887
"SP37","SP","control","06/22/23",-0.200743494423096
"SP37","SP","control","06/23/23",0.282580645162776
"SP37","SP","control","06/26/23",0.0969121140140642
"SP37","SP","control","06/27/23",-0.13043478260879
"SP37","SP","control","06/28/23",-0.12676056338049
"SP37","SP","control","06/29/23",0.252413793103245
"SP37","SP","control","07/03/23",0.030742049469971
"SP37","SP","control","07/05/23",-0.176470588235052
"SP37","SP","control","07/06/23",0.132972972973307
"SP37","SP","control","07/07/23",-0.196587030717036
"SP37","SP","control","07/10/23",0.0866123399301044
"SP37","SP","control","07/11/23",-0.142528735632184
"SP37","SP","control","07/17/23",0.0342857142857289
"SP37","SP","control","07/18/23",-0.20344827586166
"SP37","SP","control","07/24/23",0.0102214650766569
"SP37","SP","control","07/25/23",-0.129166666666666
"TC01","TC","control","06/21/23",-0.134759358288938
"TC01","TC","control","06/22/23",-0.123711340206483
"TC01","TC","control","06/23/23",0.412844036696807
"TC01","TC","control","06/26/23",0.118681318681167
"TC01","TC","control","06/27/23",-0.150920245398666
"TC01","TC","control","06/28/23",-0.138461538461651
"TC01","TC","control","06/29/23",0.278873239437077
"TC01","TC","control","07/03/23",0.035978835978836
"TC01","TC","control","07/05/23",-0.175494071146164
"TC01","TC","control","07/06/23",0.126486486486805
"TC01","TC","control","07/07/23",-0.191836734693422
"TC01","TC","control","07/10/23",0.0740395809079924
"TC01","TC","control","07/11/23",-0.197701149425287
"TC01","TC","control","07/17/23",0.0453038674032859
"TC01","TC","control","07/18/23",-0.233810888252305
"TC01","TC","control","07/24/23",0.0173764906303478
"TC01","TC","control","07/25/23",-0.161807580173884
"TC02","TC","control","06/21/23",-0.128342245989465
"TC02","TC","control","06/22/23",-0.148453608247779
"TC02","TC","control","06/23/23",0.385714285712682
"TC02","TC","control","06/26/23",0.116814159291975
"TC02","TC","control","06/27/23",-0.147239263803576
"TC02","TC","control","06/28/23",-0.155244755244881
"TC02","TC","control","06/29/23",0.257746478873662
"TC02","TC","control","07/03/23",0.0169312169312169
"TC02","TC","control","07/05/23",-0.177865612648139
"TC02","TC","control","07/06/23",0.100540540540794
"TC02","TC","control","07/07/23",-0.21224489795868
"TC02","TC","control","07/10/23",0.0838183934807462
"TC02","TC","control","07/11/23",-0.142528735632184
"TC02","TC","control","07/17/23",0.0243093922651778
"TC02","TC","control","07/18/23",-0.763323782235466
"TC02","TC","control","07/24/23",0.129812606473775
"TC02","TC","control","07/31/23",0.0113304721029997
"TC02","TC","control","08/01/23",-0.153846153846547
"TC02","TC","control","08/07/23",0.0404371584699454
"TC02","TC","control","08/08/23",-0.121804511277449
"TC03","TC","drought","06/21/23",-0.168983957219462
"TC03","TC","drought","06/22/23",-0.181443298969508
"TC03","TC","drought","06/23/23",0.348214285712838
"TC03","TC","drought","06/26/23",0.0929203539822531
"TC03","TC","drought","06/27/23",-0.154601226993755
"TC03","TC","drought","06/28/23",-0.172027972028112
"TC03","TC","drought","06/29/23",0.228169014084881
"TC03","TC","drought","07/03/23",0.0116402116402116
"TC03","TC","drought","07/05/23",-0.0640316205533299
"TC03","TC","drought","07/06/23",0.18486486486533
"TC03","TC","drought","07/07/23",-0.18775510204037
"TC03","TC","drought","07/10/23",-0.23329452852141
"TC03","TC","drought","07/11/23",-0.0689655172413793
"TC03","TC","drought","07/12/23",-0.0251677852349337
"TC04","TC","drought","06/21/23",-0.1518716577542
"TC04","TC","drought","06/22/23",-0.140206185567347
"TC04","TC","drought","06/23/23",0.380357142855562
"TC04","TC","drought","06/26/23",0.10752212389375
"TC04","TC","drought","06/27/23",-0.176687116564291
"TC04","TC","drought","06/28/23",-0.172027972028112
"TC04","TC","drought","06/29/23",0.249295774648296
"TC04","TC","drought","07/03/23",0.0402116402116402
"TC04","TC","drought","07/05/23",-0.156521739130363
"TC04","TC","drought","07/06/23",0.110270270270548
"TC04","TC","drought","07/07/23",-0.21224489795868
"TC04","TC","drought","07/10/23",0.0989547038326723
"TC04","TC","drought","07/11/23",-0.151724137931034
"TC04","TC","drought","07/17/23",0.0287292817679373
"TC04","TC","drought","07/18/23",-0.158166189111853
"TC04","TC","drought","07/24/23",0.0235093696763529
"TC04","TC","drought","07/31/23",0.023690987124454
"TC04","TC","drought","08/01/23",-0.140659340659701
"TC04","TC","drought","08/07/23",0.0349726775956284
"TC04","TC","drought","08/14/23",-0.177894736841996
"TC04","TC","drought","08/15/23",-0.0600000000001397
"TC04","TC","drought","08/16/23",-0.0329670329668011
"TC05","TC","control","06/21/23",-0.290909090909453
"TC05","TC","control","06/22/23",-0.111340206185834
"TC05","TC","control","06/23/23",0.444642857141008
"TC05","TC","control","06/26/23",0.168584070796373
"TC05","TC","control","06/27/23",-0.128834355828129
"TC05","TC","control","06/28/23",-0.155244755244882
"TC05","TC","control","06/29/23",0.245070422535613
"TC05","TC","control","07/03/23",0.0306878306878307
"TC05","TC","control","07/05/23",-0.137549407114561
"TC05","TC","control","07/06/23",0.11675675675705
"TC05","TC","control","07/07/23",-0.224489795917834
"TC05","TC","control","07/10/23",0.0878048780487092
"TC05","TC","control","07/11/23",-0.133333333333333
"TC05","TC","control","07/17/23",0.0220994475137979
"TC05","TC","control","07/18/23",-0.206303724928504
"TC05","TC","control","07/24/23",0.0306643952300255
"TC05","TC","control","07/31/23",0.0154506437768179
"TC05","TC","control","08/01/23",-0.106403940886943
"TC06","TC","drought","06/21/23",-0.117647058823676
"TC06","TC","drought","06/22/23",-0.136082474227131
"TC06","TC","drought","06/23/23",0.380869565214692
"TC06","TC","drought","06/26/23",0.121603563474419
"TC06","TC","drought","06/27/23",-0.154601226993754
"TC06","TC","drought","06/28/23",-0.184615384615535
"TC06","TC","drought","06/29/23",0.24084507042293
"TC06","TC","drought","07/03/23",0.00740740740740744
"TC06","TC","drought","07/05/23",-0.173122529644189
"TC06","TC","drought","07/06/23",0.0810810810812852
"TC06","TC","drought","07/07/23",-0.224489795917834
"TC06","TC","drought","07/10/23",0.0961672473866815
"TC06","TC","drought","07/11/23",-0.0965517241379308
"TC06","TC","drought","07/17/23",0.0243093922651778
"TC06","TC","drought","07/18/23",-0.161604584527329
"TC06","TC","drought","07/24/23",0.0163543441226802
"TC06","TC","drought","07/31/23",-0.00103004291845447
"TC06","TC","drought","08/01/23",-0.118681318681622
"TC06","TC","drought","08/07/23",-0.19344262295082
"TC06","TC","drought","08/08/23",-0.0533333333333334
"TC06","TC","drought","08/09/23",-0.0204778156995447
"TC07","TC","drought","06/21/23",-0.175401069518935
"TC07","TC","drought","06/22/23",-0.152577319587995
"TC07","TC","drought","06/23/23",0.313043478258652
"TC07","TC","drought","06/26/23",0.110913140311833
"TC07","TC","drought","06/27/23",-0.161963190183934
"TC07","TC","drought","06/28/23",-0.167832167832304
"TC07","TC","drought","06/29/23",0.274647887324394
"TC07","TC","drought","07/03/23",0.037037037037037
"TC07","TC","drought","07/05/23",-0.175494071146164
"TC07","TC","drought","07/06/23",0.13945945945981
"TC07","TC","drought","07/07/23",-0.179591836734267
"TC07","TC","drought","07/10/23",0.0878048780487092
"TC07","TC","drought","07/11/23",-0.183908045977011
"TC07","TC","drought","07/17/23",0.0508287292817352
"TC07","TC","drought","07/18/23",-0.192550143266604
"TC07","TC","drought","07/24/23",0.023509369676353
"TC07","TC","drought","07/31/23",-0.0185407725321814
"TC07","TC","drought","08/01/23",-0.153846153846547
"TC07","TC","drought","08/07/23",-0.170491803278688
"TC07","TC","drought","08/08/23",-0.14
"TC07","TC","drought","08/09/23",-0.0505902192242932
"TC08","TC","control","06/21/23",-0.126203208556307
"TC08","TC","control","06/22/23",-0.181443298969508
"TC08","TC","control","06/23/23",0.379816513761063
"TC08","TC","control","06/26/23",0.0712087912087
"TC08","TC","control","06/27/23",-0.114110429447771
"TC08","TC","control","06/28/23",-0.130069930070036
"TC08","TC","control","06/29/23",0.236619718310247
"TC08","TC","control","07/03/23",0.0275132275132275
"TC08","TC","control","07/05/23",-0.139920948616536
"TC08","TC","control","07/06/23",0.123243243243553
"TC08","TC","control","07/07/23",-0.228571428570885
"TC08","TC","control","07/10/23",0.0991850989522162
"TC08","TC","control","07/11/23",-0.0965517241379308
"TC08","TC","control","07/17/23",0.0165745856353485
"TC08","TC","control","07/18/23",-0.158166189111854
"TC08","TC","control","07/24/23",0.0204429301533504
"TC08","TC","control","07/25/23",-0.0976744186043865
"TC09","TC","control","06/21/23",-0.111229946524203
"TC09","TC","control","06/22/23",-0.156701030928211
"TC09","TC","control","06/23/23",0.330275229357445
"TC09","TC","control","06/26/23",0.0843956043954965
"TC09","TC","control","06/27/23",-0.176687116564291
"TC09","TC","control","06/28/23",-0.172027972028112
"TC09","TC","control","06/29/23",0.223943661972198
"TC09","TC","control","07/03/23",0.019047619047619
"TC09","TC","control","07/05/23",-0.11857707509876
"TC09","TC","control","07/06/23",0.136216216216559
"TC09","TC","control","07/07/23",-0.228571428570885
"TC09","TC","control","07/10/23",0.096391152502858
"TC09","TC","control","07/11/23",-0.110344827586207
"TC09","TC","control","07/17/23",0.0154696132596585
"TC09","TC","control","07/18/23",-0.73925501432714
"TC09","TC","control","07/24/23",0.12776831345844
"TC09","TC","control","07/31/23",0.0144206008583634
"TC09","TC","control","08/01/23",-0.118681318681622
"TC09","TC","control","08/07/23",0.0273224043715847
"TC09","TC","control","08/14/23",0.0326315789473484
"TC09","TC","control","08/15/23",-0.0597701149425286
"TC10","TC","drought","06/22/23",-0.0577319587630251
"TC10","TC","drought","06/23/23",0.374311926605105
"TC10","TC","drought","06/26/23",0.159560439560235
"TC10","TC","drought","06/27/23",-0.132515337423218
"TC10","TC","drought","06/28/23",-0.142657342657459
"TC10","TC","drought","06/29/23",0.266197183099028
"TC10","TC","drought","07/03/23",0.0317460317460317
"TC10","TC","drought","07/05/23",-0.173122529644189
"TC10","TC","drought","07/06/23",0.129729729730056
"TC10","TC","drought","07/07/23",-0.18775510204037
"TC10","TC","drought","07/10/23",0.0754365541326714
"TC10","TC","drought","07/11/23",-0.174712643678161
"TC10","TC","drought","07/17/23",0.0154696132596585
"TC10","TC","drought","07/18/23",-0.22349570200588
"TC10","TC","drought","07/24/23",0.00817717206134011
"TC10","TC","drought","07/31/23",-0.19570815450636
"TC10","TC","drought","08/01/23",-0.0879120879123128
"TC10","TC","drought","08/02/23",-0.30656934306413
"TC11","TC","drought","06/21/23",-0.134759358288938
"TC11","TC","drought","06/22/23",-0.181443298969508
"TC11","TC","drought","06/23/23",0.38532110091702
"TC11","TC","drought","06/26/23",0.0817582417581371
"TC11","TC","drought","06/27/23",-0.0920245398772349
"TC11","TC","drought","06/28/23",-0.121678321678421
"TC11","TC","drought","06/29/23",0.257746478873662
"TC11","TC","drought","07/03/23",0.0116402116402116
"TC11","TC","drought","07/05/23",-0.130434782608636
"TC11","TC","drought","07/06/23",0.103783783784045
"TC11","TC","drought","07/07/23",-0.244897959183092
"TC11","TC","drought","07/10/23",0.104772991850933
"TC11","TC","drought","07/11/23",-0.101149425287356
"TC11","TC","drought","07/17/23",-0.21546961325953
"TC11","TC","drought","07/18/23",-0.0687679083095015
"TC11","TC","drought","07/19/23",-0.0264783759928194
"TC12","TC","drought","06/21/23",-0.0919786096257831
"TC12","TC","drought","06/22/23",-0.136082474227131
"TC12","TC","drought","06/23/23",0.412844036696806
"TC12","TC","drought","06/26/23",0.0883516483515354
"TC12","TC","drought","06/27/23",-0.173006134969202
"TC12","TC","drought","06/28/23",-0.180419580419727
"TC12","TC","drought","06/29/23",0.236619718310248
"TC12","TC","drought","07/03/23",0.0222222222222222
"TC12","TC","drought","07/05/23",-0.130434782608636
"TC12","TC","drought","07/06/23",0.132972972973307
"TC12","TC","drought","07/07/23",-0.212244897958679
"TC12","TC","drought","07/10/23",0.0908032596041417
"TC12","TC","drought","07/11/23",-0.119540229885058
"TC12","TC","drought","07/17/23",0.0220994475137979
"TC12","TC","drought","07/18/23",-0.165042979942803
"TC12","TC","drought","07/24/23",0.0132879045996777
"TC12","TC","drought","07/31/23",0.00927038626609077
"TC12","TC","drought","08/01/23",-0.17142857142901
"TC12","TC","drought","08/07/23",0.030601092896175
"TC12","TC","drought","08/14/23",-0.195789473684091
"TC12","TC","drought","08/15/23",-0.0600000000001397
"TC12","TC","drought","08/16/23",-0.0396694214874509
"TC13","TC","control","06/21/23",-0.136898395722096
"TC13","TC","control","06/22/23",-0.140206185567347
"TC13","TC","control","06/23/23",0.396330275228934
"TC13","TC","control","06/26/23",0.122637362637206
"TC13","TC","control","06/27/23",-0.161963190183933
"TC13","TC","control","06/28/23",-0.163636363636497
"TC13","TC","control","06/29/23",0.257746478873662
"TC13","TC","control","07/03/23",0.0243386243386243
"TC13","TC","control","07/05/23",-0.180237154150115
"TC13","TC","control","07/06/23",0.123243243243554
"TC13","TC","control","07/07/23",-0.208695652173385
"TC14","TC","control","06/21/23",-0.124064171123149
"TC14","TC","control","06/22/23",-0.193814432990156
"TC14","TC","control","06/23/23",0.38532110091702
"TC14","TC","control","06/26/23",0.101538461538332
"TC14","TC","control","06/27/23",-0.154601226993755
"TC14","TC","control","06/28/23",-0.19300699300715
"TC14","TC","control","06/29/23",0.185915492958051
"TC14","TC","control","07/03/23",0.0465608465608466
"TC14","TC","control","07/05/23",-0.0664031620553053
"TC14","TC","control","07/06/23",0.142702702703062
"TC14","TC","control","07/07/23",-0.228571428570885
"TC14","TC","control","07/10/23",0.0740395809079924
"TC14","TC","control","07/11/23",-0.114942528735632
"TC14","TC","control","07/17/23",0.0232044198894878
"TC14","TC","control","07/18/23",-0.101060511541052
